{"cameraMode":{"drawMode":0,"name":"Shaded","section":"Shading Mode"},"sceneLighting":false,"audioPlay":false,"sceneViewState":{"showFog":true,"showMaterialUpdate":false,"showSkybox":false,"showFlares":true,"showImageEffects":true,"showParticleSystems":true},"in2DMode":false,"pivot":{"x":-3.677999973297119,"y":1.8320000171661378,"z":12.619999885559082},"rotation":{"x":0.04501747339963913,"y":0.9085261225700378,"z":-0.4027947783470154,"w":0.10153944790363312},"size":4.230364799499512,"orthographic":false}