{"cameraMode":{"drawMode":0,"name":"Shaded","section":"Shading Mode"},"sceneLighting":false,"audioPlay":false,"sceneViewState":{"showFog":true,"showMaterialUpdate":false,"showSkybox":false,"showFlares":true,"showImageEffects":true,"showParticleSystems":true},"in2DMode":false,"pivot":{"x":-0.373586505651474,"y":-0.2181640863418579,"z":0.47383368015289309},"rotation":{"x":0.29694893956184389,"y":0.7016802430152893,"z":-0.4309837818145752,"w":0.48345139622688296},"size":0.47622159123420718,"orthographic":false}