{"cameraMode":{"drawMode":0,"name":"Shaded","section":"Shading Mode"},"sceneLighting":false,"audioPlay":false,"sceneViewState":{"showFog":true,"showMaterialUpdate":false,"showSkybox":false,"showFlares":true,"showImageEffects":true,"showParticleSystems":true},"in2DMode":false,"pivot":{"x":-6.809000492095947,"y":2.2737793922424318,"z":6.665458679199219},"rotation":{"x":0.24582163989543916,"y":-0.5837348699569702,"z":0.19138431549072267,"w":0.7498045563697815},"size":10.0,"orthographic":false}