{"cameraMode":{"drawMode":0,"name":"Shaded","section":"Shading Mode"},"sceneLighting":false,"audioPlay":false,"sceneViewState":{"showFog":true,"showMaterialUpdate":false,"showSkybox":false,"showFlares":true,"showImageEffects":true,"showParticleSystems":true},"in2DMode":false,"pivot":{"x":0.2770000696182251,"y":2.4677999019622804,"z":0.5871642827987671},"rotation":{"x":0.29694893956184389,"y":0.7016802430152893,"z":-0.4309837818145752,"w":0.48345139622688296},"size":0.4470934271812439,"orthographic":false}