{"cameraMode":{"drawMode":0,"name":"Shaded","section":"Shading Mode"},"sceneLighting":true,"audioPlay":false,"sceneViewState":{"showFog":true,"showMaterialUpdate":false,"showSkybox":true,"showFlares":true,"showImageEffects":true,"showParticleSystems":true},"in2DMode":false,"pivot":{"x":395.1204528808594,"y":82.32015991210938,"z":-118.89312744140625},"rotation":{"x":0.031036848202347757,"y":-0.9629735350608826,"z":0.23597219586372376,"w":0.1266736090183258},"size":338.6014404296875,"orthographic":false}